IdSub,NomeSub
0,SALICILATO DE FENILA
1,ÁCIDO SALICÍLICO
2,ÓXIDO DE ZINCO
3,ENXOFRE
4,MENTOL
5,DIENOGESTE
6,VALERATO DE ESTRADIOL
7,MONTELUCASTE
8,LOSARTANA POTÁSSICA
9,SINVASTATINA
10,HIDROCLOROTIAZIDA
11,BENZOATO DE RIZATRIPTANA
12,ALENDRONATO DE SÓDIO TRI-HIDRATADO
13,FINASTERIDA
14,CILASTATINA SÓDICA
15,IMIPENÉM MONOIDRATADO
16,CLORIDRATO DE DORZOLAMIDA
17,VÍRUS DA HEPATITE A PURIFICADO INATIVADO
18,MALEATO DE ENALAPRIL
19,MALEATO ÁCIDO DE TIMOLOL
20,ETORICOXIBE
21,EZETIMIBA
22,LISINOPRIL
23,CLORIDRATO DE AMILORIDA
24,FOSFATO DE SITAGLIPTINA MONOIDRATADO
25,CLORIDRATO DE METFORMINA
26,COLECALCIFEROL
27,ACETATO DE NOMEGESTROL
28,ESTRADIOL HEMI-HIDRATADO
29,DESLORATADINA
30,SULFATO DE PSEUDOEFEDRINA
31,PREDNISONA
32,CLORIDRATO DE OXIMETAZOLINA
33,FUROATO DE MOMETASONA
34,DESOGESTREL
35,ELBASVIR
36,GRAZOPREVIR MONOIDRATADO
37,TAZOBACTAM SÓDICO
38,FOSFATO DE TEDIZOLIDA
39,BETAFOLITROPINA
40,MONTELUCASTE DE SÓDIO
41,ALFACORIFOLITROPINA
42,ETONOGESTREL
43,ACETATO DE GANIRRELIX
44,ETINILESTRADIOL
45,ESTRADIOL
46,FUROATO DE MOMETASONA MONOIDRATADO
47,TIBOLONA
48,CLORIDRATO DE AMIODARONA
49,GESTODENO
50,BROMOPRIDA
51,SUMATRIPTANA
52,ADENOSINA
53,CLORIDRATO DE BUSPIRONA
54,NITRENDIPINO
55,FLUCONAZOL
56,FLUOXETINA
57,CLORIDRATO DE TRAMADOL
58,CARVEDILOL
59,AZITROMICINA
60,RAMIPRIL
61,CLORIDRATO DE PAROXETINA
62,BESILATO DE ANLODIPINO
63,CILOSTAZOL
64,PROPIONATO DE FLUTICASONA
65,ACETATO DE NORETISTERONA
66,CITALOPRAM
67,CLORIDRATO DE BUPROPIONA
68,PACLITAXEL
69,ÁCIDO NICOTÍNICO
70,DOCETAXOL
71,DOCETAXEL TRIIDRATADO
72,DROSPIRENONA
73,LEVONORGESTREL
74,CLORETO DE SÓDIO
75,SULFATO DE VIMBLASTINA
76,MACROGOL
77,BICARBONATO DE SÓDIO
78,CLORETO DE POTÁSSIO
79,CARBOPLATINA
80,CLORIDRATO DE DOXORRUBICINA
81,SULFATO DE VINCRISTINA
82,DACARBAZINA
83,METOTREXATO
84,CITARABINA
85,FLUORURACILA
86,CISPLATINA
87,PAMIDRONATO DISSÓDICO
88,FOLINATO DE CÁLCIO
89,MODAFINILA
90,CLORIDRATO DE GENCITABINA
91,OXALIPLATINA
92,FOSFATO DE FLUDARABINA
93,ANASTROZOL
94,ALFAESTRADIOL
95,OXALATO DE ESCITALOPRAM
96,TOPIRAMATO
97,CLORIDRATO DE MEMANTINA
98,TACROLIMO
99,TACROLIMO MONOIDRATADO
100,SUCCINATO DE SUMATRIPTANA
101,CLORIDRATO DE PIOGLITAZONA
102,PEMETREXEDE DISSÓDICO
103,CLORIDRATO DE DULOXETINA
104,ROSUVASTATINA CÁLCICA
105,NAPROXENO SÓDICO
106,CANDESARTANA CILEXETILA
107,BROMIDRATO DE GALANTAMINA
108,CLORIDRATO DE PROPAFENONA
109,EVEROLIMO
110,TRASTUZUMABE
111,FULVESTRANTO
112,BORTEZOMIBE
113,ACETATO DE ABIRATERONA
114,PITAVASTATINA CÁLCICA
115,SUCCINATO DE METOPROLOL
116,LINAGLIPTINA
117,BROMIDRATO DE VORTIOXETINA
118,LACOSAMIDA
119,CLORIDRATO DE CIPROEPTADINA
120,NICOTINAMIDA
121,CLORIDRATO DE TIAMINA
122,MONOFOSFATO DE RIBOFLAVINA SÓDICA
123,CLORIDRATO DE PIRIDOXINA
124,ÁCIDO ASCÓRBICO
125,RIBOFLAVINA
126,NIACINAMIDA
127,PARACETAMOL
128,CETOCONAZOL
129,ÁCIDO ACETILSALICÍLICO
130,CLORIDRATO DE AMBROXOL
131,MALEATO DE CLORFENIRAMINA
132,CLORIDRATO DE FENILEFRINA
133,CLORIDRATO DE CIPROFLOXACINO MONOIDRATADO
134,SECNIDAZOL
135,CAPTOPRIL
136,CLAVULANATO DE POTÁSSIO
137,AMOXICILINA TRI-HIDRATADA
138,BENZBROMARONA
139,HEDERA HELIX (HERA)
140,HEDERA HELIX L.
141,GINKGO BILOBA L.
142,GLICOSE
143,CLORETO DE CÁLCIO
144,GELATINA
145,FRUTOSE
146,GLICEROL
147,ÓLEO DE SOJA
148,LECITINA DE OVO
149,MANITOL
150,SORBITOL
151,HIDROXIETILAMIDO
152,ÁGUA PARA INJETÁVEIS
153,ÁGUA PARA INJEÇÃO
154,CLORETO DE CÁLCIO DIIDRATADO
155,LACTATO DE SÓDIO
156,ÓLEO DE PEIXE
157,TRIGLICERÍDEOS CADEIA MÉDIA
158,ÓLEO DE OLIVA
159,CLORETO DE CÁLCIO 2H2O
160,METRONIDAZOL
161,FENILALANINA
162,PROLINA
163,TRIPTOFANO
164,LEVOVALINA
165,SERINA
166,HISTIDINA
167,TREONINA
168,TIROSINA
169,LEUCINA
170,GLICINA
171,ISOLEUCINA
172,ACETILCISTEÍNA
173,LEVOMETIONINA
174,ALANINA
175,ACETATO DE LISINA
176,ARGININA
177,L-ALANINA
178,L-METIONINA
179,L-FENILALANINA
180,N-ACETIL CISTEÍNA
181,L-ISOLEUCINA
182,L-TREONINA
183,L-TIROSINA
184,L-ARGININA
185,L-TRIPTOFANO
186,L-SERINA
187,L-HISTIDINA
188,GLICILTIROSINA
189,L-PROLINA
190,L-LEUCINA
191,LISINA
192,L-LISINA
193,GLICONATO DE CÁLCIO
194,TAURINA
195,CLORETO DE CÁLCIO DI-HIDRATADO
196,GLICEROFOSFATO DE SÓDIO
197,SULFATO DE ZINCO HEPTAIDRATADO
198,TRIGLICERÍDEOS DE CADEIA MÉDIA
199,ACETATO DE SÓDIO TRI-HIDRATADO 
200,SULFATO DE MAGNÉSIO HEPTA-HIDRATADO
201,GLICOSE MONOHIDRATADA
202,ACETATO DE SÓDIO TRIHIDRATADO
203,SULFATO DE MAGNÉSIO HEPTAIDRATADO
204,CIPROFLOXACINO
205,CLORIDRATO DE IRINOTECANO TRIIDRATADO
206,ÁCIDO MÁLICO
207,CISTEÍNA
208,ACETILTIROSINA
209,ACETIL CISTEÍNA
210,PROPOFOL
211,CLORETO FÉRRICO
212,IODETO DE POTÁSSIO
213,CLORETO DE ZINCO
214,CLORETO CRÔMICO HEXAIDRATADO
215,DICLORETO DE MANGANÊS TETRAIDRATADO
216,SELENITO DE SÓDIO
217,CLORETO CÚPRICO
218,MOLIBDATO DE SÓDIO DIIDRATADO
219,FLUORETO DE SÓDIO
220,CITRATO DE FENTANILA
221,ADALIMUMABE
222,SULFATO DE TERBUTALINA
223,MESNA
224,PIPERACILINA SÓDICA
225,CLORIDRATO DE ONDANSETRONA
226,AZTREONAM
227,OXACILINA SÓDICA
228,TEICOPLANINA
229,AMPICILINA SÓDICA
230,TICARCILINA DISSÓDICA
231,SUCCINATO SÓDICO DE HIDROCORTISONA
232,CLORIDRATO DE VANCOMICINA
233,CEFTRIAXONA DISSÓDICA HEMIEPTAIDRATADA
234,HEMITARTARATO DE NOREPINEFRINA
235,BENZILPENICILINA POTÁSSICA
236,BENZILPENICILINA PROCAÍNA
237,ACICLOVIR SÓDICO
238,CLORIDRATO DE CEFEPIMA
239,CLORIDRATO DE DOBUTAMINA
240,DICLOFENACO SÓDICO
241,FOSFATO DE CLINDAMICINA
242,FOSFATO DISSÓDICO DE DEXAMETASONA
243,CEFAZOLINA SÓDICA
244,CLORIDRATO DE GRANISETRONA
245,CLORIDRATO DE RANITIDINA
246,SUCCINATO SÓDICO DE CLORANFENICOL
247,CEFOXITINA SÓDICA
248,BROMETO DE PANCURÔNIO
249,MEROPENÉM TRI-HIDRATADO
250,CEFTAZIDIMA PENTAIDRATADA
251,CEFOTAXIMA SÓDICA
252,SULFATO DE GENTAMICINA
253,CLORIDRATO DE MIDAZOLAM
254,SULBACTAM SÓDICO
255,CEFALOTINA SODICA
256,BROMETO DE ROCURÔNIO
257,SULFATO DE AMICACINA
258,IMIPENÉM
259,CLORIDRATO DE LIDOCAINA
260,SUCCINATO SÓDICO DE METILPREDNISOLONA
261,FOSFATO DISSÓDICO DE BETAMETASONA
262,TIOCOLCHICOSÍDEO
263,HALOPERIDOL
264,BESILATO DE ATRACÚRIO
265,FLUMAZENIL
266,AMOXICILINA SÓDICA
267,CLORIDRATO DE CLONIDINA
268,ALFAOXOFENILPROPIONATO DE CÁLCIO
269,RACEALFAOXOGAMAMETILPENTANOATO DE CÁLCIO
270,RACEALFA-HIDROXIGAMAMETILTIOBUTANOATO DE CÁLCIO
271,RACEALFAOXOBETAMETILPENTANOATO DE CÁLCIO
272,RACEALFAOXOBETAMETILBUTANOATO DE CÁLCIO
273,ALANILGLUTAMINA
274,-
275,PANTOPRAZOL SÓDICO SESQUI-HIDRATADO
276,IFOSFAMIDA
277,BUDESONIDA
278,MELOXICAM
279,ALPRAZOLAM
280,HEPARINA SÓDICA BOVINA
281,CLORIDRATO DE FLUOXETINA
282,CARBONATO DE LÍTIO
283,CLORIDRATO DE HIDROXOCOBALAMINA
284,DIPIRONA
285,ACETATO DE CIPROTERONA
286,LEVODROPROPIZINA
287,VINORELBINA
288,LEVOFLOXACINO HEMI-HIDRATADO
289,FENOXIMETILPENICILINA POTÁSSICA
290,BENZILPENICILINA BENZATINA
291,AMPICILINA ANIDRA
292,CITRATO DE SÓDIO DI-HIDRATADO
293,SIMETICONA
294,HIDRÓXIDO DE ALUMÍNIO
295,HIDRÓXIDO DE MAGNÉSIO
296,ÓXIDO DE MAGNÉSIO
297,CEFTRIAXONA SÓDICA
298,CETOPROFENO
299,AMOXICILINA
300,AMOXICILINA TRIHIDRATADA
301,OMEPRAZOL SÓDICO
302,CEFADROXILA
303,CEFALEXINA MONOIDRATADA
304,CLORIDRATO DE SERTRALINA
305,TENOXICAM
306,EBASTINA
307,GANCICLOVIR SÓDICO
308,ACEBROFILINA
309,NIMESULIDA
310,DIPROPIONATO DE BETAMETASONA
311,ACECLOFENACO
312,SULFATO DE NEOMICINA
313,CLORIDRATO DE AMITRIPTILINA
314,AZITROMICINA DI-HIDRATADA
315,CLORIDRATO DE NORTRIPTILINA
316,CLORIDRATO DE BENZIDAMINA
317,SULFATO DE POLIMIXINA B
318,ENANTATO DE NORETISTERONA
319,DIMETICONA
320,CLORIDRATO DE VENLAFAXINA
321,BETAMETASONA
322,MALEATO DE DEXCLORFENIRAMINA
323,CLORIDRATO DE CICLOBENZAPRINA
324,ATENOLOL
325,CLORTALIDONA
326,ESPIRONOLACTONA
327,CLORIDRATO DE ROPIVACAÍNA
328,GLIMEPIRIDA
329,CLONAZEPAM
330,TRIANCINOLONA ACETONIDA
331,NISTATINA
332,GRAMICIDINA
333,CLORIDRATO DE SIBUTRAMINA MONOIDRATADO
334,ENANTATO DE ESTRADIOL
335,ALGESTONA ACETOFENIDA
336,TINIDAZOL
337,MICONAZOL
338,DICLORIDRATO DE LEVOCETIRIZINA
339,RISPERIDONA
340,MESILATO DE DOXAZOSINA
341,FOSFATO DE CODEÍNA
342,POLIESTIRENOSSULFONATO DE CÁLCIO
343,NIMOTUZUMABE
344,ENOXAPARINA SÓDICA
345,DIMENIDRINATO
346,BISSULFATO DE CLOPIDOGREL
347,DOMPERIDONA
348,CITRATO DE SILDENAFILA
349,SULFATO DE CONDROITINA
350,SULFATO DE GLICOSAMINA
351,GLICOSE MONOIDRATADA
352,BICALUTAMIDA
353,OLANZAPINA
354,LAMOTRIGINA
355,ESOMEPRAZOL SÓDICO
356,IRBESARTANA
357,NITRATO DE FENTICONAZOL
358,ATORVASTATINA CÁLCICA
359,MALEATO DE TRIMEBUTINA
360,CLORIDRATO DE BETAISTINA
361,VALSARTANA
362,PROMESTRIENO
363,OLMESARTANA MEDOXOMILA
364,HESPERIDINA
365,DIOSMINA
366,FLAVONÓIDES EXPRESSOS EM HESPERIDINA
367,TADALAFILA
368,NITAZOXANIDA
369,ACETATO DE CASPOFUNGINA
370,HEMIFUMARATO DE QUETIAPINA
371,INDAPAMIDA
372,DICLORIDRATO DE PRAMIPEXOL MONOIDRATADO
373,DICLORIDRATO DE PRAMIPEXOL
374,CLORIDRATO DE MOXIFLOXACINO
375,FILGRASTIM
376,LINEZOLIDA
377,FUMARATO DE FORMOTEROL DI-HIDRATADO
378,CLORIDRATO DE CIPROFLOXACINO
379,ITRACONAZOL
380,HIDROXIZINA
381,CABAZITAXEL
382,CLORIDRATO DE DONEPEZILA
383,SULFATO DE GLICOSAMINA CLORETO DE SÓDIO
384,SULFATO DISSÓDICO DE CONDROITINA
385,VORICONAZOL
386,FERRIPOLIMALTOSE
387,SUCCINATO DE DESVENLAFAXINA MONOIDRATADO
388,CAPECITABINA
389,ALENDRONATO DE SÓDIO
390,ESOMEPRAZOL MAGNÉSICO
391,DICLORIDRATO DE HIDROXIZINA
392,CLORIDRATO DE HIDROXIZINA
393,CELECOXIBE
394,CIPROFIBRATO
395,ACICLOVIR
396,HEMITARTARATO DE ZOLPIDEM
397,DICLOFENACO DE SÓDIO
398,CARISOPRODOL
399,CAFEÍNA
400,CLORIDRATO DE DEXMEDETOMIDINA
401,UNDECILATO DE TESTOSTERONA
402,TIGECICLINA
403,ESZOPICLONA
404,CLORIDRATO DE PAROXETINA HEMI-HIDRATADO
405,PREDNISOLONA
406,LEVETIRACETAM
407,BROMIDRATO DE CITALOPRAM
408,RISEDRONATO SÓDICO
409,CLORIDRATO DE FEXOFENADINA
410,CABERGOLINA
411,TEMOZOLOMIDA
412,CLORIDRATO DE LORCASSERINA HEMI-HIDRATADO
413,TRIMETOPRIMA
414,SULFAMETOXAZOL
415,DAPTOMICINA
416,IBANDRONATO DE SÓDIO MONOIDRATADO
417,IBANDRONATO DE SÓDIO
418,ACETATO DE CLORMADINONA
419,NITRATO DE MICONAZOL
420,FOSFATO SÓDICO DE PREDNISOLONA
421,PREGABALINA
422,CLORIDRATO DE METILFENIDATO
423,CLIOQUINOL
424,TOLNAFTATO
425,VALERATO DE BETAMETASONA
426,DELAFLOXACINO MEGLUMINA
427,NITRATO DE TIAMINA
428,CIANOCOBALAMINA
429,CLORIDRATO DE REMIFENTANILA
430,EXEMESTANO
431,BILASTINA
432,TARTARATO DE EVOGLIPTINA
433,RIVAROXABANA
434,ACETATO DE RACEALFATOCOFEROL
435,DEXAMETASONA
436,SUGAMADEX SÓDICO
437,SORBITOL 70 %
438,LAURIL SULFATO DE SÓDIO
439,TRICLOSANA
440,BENZOCAÍNA
441,CLORIDRATO DE AMANTADINA
442,LEVOFLOXACINO HEMIIDRATADO
443,DECITABINA
444,ISOTRETINOÍNA
445,MINOXIDIL
446,LENALIDOMIDA
447,CAFEÍNA ANIDRA
448,CITRATO DE TAMOXIFENO
449,CLORIDRATO DE SOTALOL
450,CLORIDRATO DE LOPERAMIDA
451,DOXICICLINA MONOIDRATADA
452,ALOPURINOL
453,ACETATO DE LEUPRORRELINA
454,NORFLOXACINO
455,MIRTAZAPINA
456,SOMATROPINA
457,RABEPRAZOL SÓDICO
458,ARIPIPRAZOL
459,CLORIDRATO DE CINACALCETE
460,GABAPENTINA
461,CLORIDRATO DE CLOMIPRAMINA
462,ETANERCEPTE
463,CARBIDOPA (PORT. 344/98 LISTA C 1)
464,ENTACAPONA
465,LEVODOPA
466,BROLUCIZUMABE
467,CICLOSPORINA
468,ALANTOÍNA
469,DIPROPIONATO DE BECLOMETASONA
470,CLORIDRATO DE ARGININA
471,GLUTAMINA
472,FOSFATO DE LEVOTREONINA
473,DEXFOSFOSSERINA
474,CLORIDRATO DE BAMIFILINA
475,ALFAPORACTANTO
476,SULFATO DE SALBUTAMOL
477,DICLORIDRATO DE MANIDIPINO
478,PIROXICAM BETACICLODEXTRINA
479,CITRATO DE CÁLCIO
480,DEFERIPRONA
481,CLORIDRATO DE SELEGILINA
482,LEVOCETIRIZINA
483,CLORIDRATO DE DELAPRIL
484,TOBRAMICINA
485,FUMARATO DE FORMOTEROL
486,FUMARATO DE FORMOTEROL DIIDRATADO
487,CITRATO DE CAFEÍNA
488,BROMETO DE GLICOPIRRÔNIO
489,ALFAVELMANASE
490,LISADO BACTERIANO
491,MEROPENÉM
492,ISOFLURANO
493,SEVOFLURANO
494,MICOFENOLATO DE MOFETILA
495,CEFUROXIMA SÓDICA
496,CLORIDRATO DE ROPIVACAÍNA MONOIDRATADO
497,ÁCIDO ACETIL SALICILICO
498,SACARATO DE ÓXIDO FÉRRICO
499,CYNARA SCOLYMUS L.
500,AESCULUS HIPPOCASTANUM L.
501,CÂNFORA
502,PAPAVER SOMNIFERUM L.
503,BASILIXIMAB
504,OCTREOTIDA
505,ACETATO DE OCTREOTIDA
506,CLORIDRATO DE HIDRALAZINA
507,MESILATO DE BROMOCRIPTINA
508,DICLOFENACO ÁCIDO
509,DICLOFENACO POTÁSSICO
510,OXCARBAZEPINA
511,MESILATO DE DESFERROXAMINA
512,CLORIDRATO DE TIZANIDINA
513,BACLOFENO
514,TARTARATO DE METOPROLOL
515,CARBAMAZEPINA
516,HIDROGENOTARTARATO DE RIVASTIGMINA
517,RIVASTIGMINA
518,DICLOFENACO COLESTIRAMINA
519,HEMIDRATO DE ESTRADIOL
520,MICOFENOLATO DE SÓDIO
521,FOSFATO DE CODEÍNA HEMI-HIDRATADO
522,OMALIZUMABE
523,DEFERASIROX
524,VILDAGLIPTINA
525,RANIBIZUMABE
526,NILOTINIBE
527,CANAQUINUMABE
528,MALEATO DE INDACATEROL
529,CLORIDRATO DE FINGOLIMODE
530,TARTARATO DE BRIMONIDINA
531,CLORIDRATO DE PROXIMETACAÍNA
532,CLORIDRATO DE NAFAZOLINA
533,DEXTRANA
534,HIPROMELOSE
535,ACETATO DE FLUORMETOLONA
536,TRAVOPROSTA
537,NEPAFENACO
538,TROPICAMIDA
539,BRINZOLAMIDA
540,CLORIDRATO DE OLOPATADINA
541,CLORIDRATO DE BETAXOLOL
542,MALEATO DE FENIRAMINA
543,HIDROXIQUINOLINA
544,TROLAMINA
545,FOSFATO DE RUXOLITINIBE
546,SECUQUINUMABE
547,DIMETILSULFÓXIDO DE TRAMETINIBE
548,ELTROMBOPAGUE OLAMINA
549,MESILATO DE DABRAFENIBE
550,CLORIDRATO DE PAZOPANIBE
551,DITOSILATO DE LAPATINIBE
552,CLORIDRATO  DE ONDANSETRONA DI-HIDRATADO
553,CLORIDRATO DE TOPOTECANA
554,SACUBITRIL
555,MIDOSTAURINA
556,SUCCINATO DE RIBOCICLIBE
557,ERENUMABE
558,ALPELISIBE
559,CRIZANLIZUMABE
560,VORETIGENO NEPARVOVEQUE
561,ONASEMNOGENO ABEPARVOVEQUE
562,OFATUMUMABE
563,DICLORIDRATO DE CAPMATINIBE MONOIDRATADO
564,ÁCIDO FUMÁRICO SIPONIMODE
565,TISAGENLECLEUCEL
566,HIDROXIBENZOATO DE VIMINOL
567,ÁCIDO URSODESOXICÓLICO
568,FOSFOMICINA TROMETAMOL
569,FENDIZOATO DE CLOPERASTINA
570,IBUPROFENO ARGININA
571,IBUPROFENO
572,ACETATO DE CLOSTEBOL
573,MESILATO DE SAFINAMIDA
574,ACETATO DE SÓDIO
575,HIDRÓXIDO DE SÓDIO
576,ÁCIDO GLUTÂMICO
577,CLORIDRATO DE LISINA
578,ION CITRATO
579,ÁCIDO ASPÁRTICO
580,HIDRÓXIDO DE POTÁSSIO
581,CLORIDRATO DE HISTIDINA
582,ACETATO DE MAGNÉSIO
583,SUCCINILGELATINA
584,ACETATO DE POTÁSSIO
585,GLICOSE ANIDRA
586,CLORIDRATO DE HISTIDINA MONOIDRATADO
587,ACETATO DE MAGNÉSIO TETRAIDRATADO
588,METIONINA
589,FOSFATO DE SÓDIO MONOBÁSICO DIIDRATADO
590,ACETATO DE ZINCO DI-HIDRATADO
591,TRIGLICERÍDIOS C10-18
592,VALINA
593,METIONINA (11 C)
594,ACETATO DE SÓDIO TRIIDRATADO
595,GLICONATO DE SÓDIO
596,CLORETO DE MAGNÉSIO HEXAIDRATADO
597,MIDAZOLAM
598,SACCHAROMYCES BOULARDII
599,LEVEDURA
600,HEMIFUMARATO DE BISOPROLOL
601,LEVOTIROXINA SÓDICA
602,GLIBENCLAMIDA
603,LORATADINA
604,CETUXIMABE
605,CITRATO DE SÓDIO
606,CITRATO DE POTÁSSIO
607,BETAINTERFERONA 1A
608,CITRATO DE CLOMIFENO
609,ALFALUTROPINA
610,ALFAFOLITROPINA
611,PRAVASTATINA SÓDICA
612,PROGESTERONA
613,ACETATO DE CETRORRELIX
614,BISOPROLOL
615,ALFACORIOGONADOTROPINA
616,SOMATOSTATINA
617,AVELUMABE
618,GLICLAZIDA
619,CLADRIBINA
620,CLORIDRATO DE TEPOTINIBE MONOIDRATADO
621,CLORIDRATO DE NALTREXONA
622,PERMETRINA
623,CLORETO DE BENZETÔNIO
624,FITOMENADIONA
625,CLORIDRATO DE BENSERAZIDA
626,FLUNITRAZEPAM
627,DIAZEPAM
628,CILAZAPRIL
629,ALFADORNASE
630,FOSFATO DE OSELTAMIVIR
631,BETAEPOETINA
632,FLUOCINOLONA ACETONIDA
633,VALGANCICLOVIR
634,ENFUVIRTIDA
635,BEVACIZUMABE
636,TOCILIZUMABE
637,VEMURAFENIBE
638,PERTUZUMABE
639,TRASTUZUMABE ENTANSINA
640,OBINUTUZUMABE
641,HEMIFUMARATO DE COBIMETINIBE
642,PIRFENIDONA
643,VISMODEGIBE
644,ATEZOLIZUMABE
645,OCRELIZUMABE
646,EMICIZUMABE
647,CLORIDRATO DE ALECTINIBE
648,RISDIPLAM
649,CARBONATO DE SÓDIO
650,ACIDO CITRICO
651,FOSFATO DE CÁLCIO DIBÁSICO
652,HIPOFOSFITO DE SÓDIO
653,PALMITATO DE RETINOL
654,FOSFATO DE SÓDIO MONOBÁSICO
655,ÓLEO DE FÍGADO DE BACALHAU
656,ÁCIDO CLAVULÂNICO
657,MUPIROCINA
658,ANTÍGENO DE SUPERFÍCIE DA HEPATITE B
659,PROTEÍNA ANTIGÊNICA DE SUPERFÍCIE (HEP. B)
660,ALBENDAZOL
661,VÍRUS DA HEPATITE A INATIVADO
662,VÍRUS DA VARICELA -ZOSTER
663,SULFATO DE MAGNÉSIO
664,TRANILCIPROMINA
665,VÍRUS DA CAXUMBA
666,VÍRUS DA RUBEOLA
667,VÍRUS DO SARAMPO
668,"VACINA SARAMPO, CAXUMBA, RUBÉOLA (ATENUADA)"
669,DICLORIDRATO DE TRIFLUOPERAZINA
670,CONJUGADO DE POLISSACARÍDEO CAPSULAR DE HAEMOPHILUS INFLUENZAE TIPO B E TOXÓIDE TETÂNICO
671,POLIOVÍRUS INATIVADOS TIPO 3
672,POLIOVÍRUS INATIVADOS TIPO 2
673,PERTACTINA
674,POLIOVÍRUS INATIVADOS TIPO 1
675,TOXÓIDE PERTUSSIS
676,TOXÓIDE DIFTÉRICO
677,TOXÓIDE TETÂNICO
678,HEMAGLUTININA FILAMENTOSA
679,CLORIDRATO DE CIMETIDINA
680,CEFTAZIDIMA
681,CLORIDRATO DE VALACICLOVIR
682,LACIDIPINO
683,GUAIFENESINA
684,PROPIONATO DE CLOBETASOL
685,AXETILCEFUROXIMA
686,AXETIL CEFUROXIMA
687,ADEFOVIR DIVIPOXILA
688,HIDROXINAFTOATO DE SALMETEROL
689,DUTASTERIDA
690,DICLORIDRATO DE CETIRIZINA
691,ROTAVÍRUS HUMANO ATENUADO
692,FOSAMPRENAVIR
693,FOSAMPRENAVIR CÁLCICO
694,CLORIDRATO DE NARATRIPTANA
695,ZANAMIVIR
696,HPV-16 L1 
697,HPV-18 L1
698,RETAPAMULINA
699,FUROATO DE FLUTICASONA
700,POLISSACARÍDEO CONJUGADO DE STREPTOCOCCUS PNEUMONIAE TIPO 14
701,POLISSACARÍDEO CONJUGADO DE STREPTOCOCCUS PNEUMONIAE TIPO 18C
702,POLISSACARÍDEO CONJUGADO DE STREPTOCOCCUS PNEUMONIAE TIPO 4
703,POLISSACARÍDEO CONJUGADO DE STREPTOCOCCUS PNEUMONIAE TIPO 7F
704,POLISSACARÍDEO CONJUGADO DE STREPTOCOCCUS PNEUMONIAE TIPO 19F
705,POLISSACARÍDEO CONJUGADO DE STREPTOCOCCUS PNEUMONIAE TIPO 5
706,POLISSACARÍDEO CONJUGADO DE STREPTOCOCCUS PNEUMONIAE TIPO 9V
707,POLISSACARÍDEO CONJUGADO DE STREPTOCOCCUS PNEUMONIAE TIPO 6B
708,POLISSACARÍDEO CONJUGADO DE STREPTOCOCCUS PNEUMONIAE TIPO 1
709,POLISSACARÍDEO CONJUGADO DE STREPTOCOCCUS PNEUMONIAE TIPO 23F
710,CARBONATO DE CÁLCIO
711,AMBRISENTANA
712,MARAVIROQUE
713,CLORIDRATO DE TANSULOSINA
714,BELIMUMABE
715,TRIFENATATO DE VILANTEROL
716,DOLUTEGRAVIR SÓDICO
717,CEPA INFLUENZA TIPO A (H3N2)
718,CEPA INFLUENZA TIPO A (H1N1)
719,CEPA INFLUENZA TIPO B
720,PROTEÍNA CARREADORA
721,OLIGOSSACARÍDEO MENINGOCÓCICO DO GRUPO C
722,PROTEÍNA DE FUSÃO FHBP RECOMBINANTE DE NEISSERIA MENINGITIDIS GRUPO B
723,PROTEÍNA DE FUSÃO NHBA RECOMBINANTE DE NEISSERIA MENINGITIDIS GRUPO B
724,PROTEÍNA NAD A RECOMBINANTE DE NEISSERIA MENINGITIDIS GRUPO B
725,"VESÍCULAS DE MEMBRANA EXTERNA (OMV) DE NEISSERIA MENINGITIDIS GRUPO B, CEPA NZ98/254"
726,OLIGOSSACARÍDEO MENINGOCÓCICO Y
727,OLIGOSSACARÍDEO MENINGOCÓCICO W135
728,OLIGOSSACARÍDEO MENINGOCÓCICO A
729,BROMETO DE UMECLIDÍNIO
730,LACTOGLICONATO DE CÁLCIO
731,SULFATO DE ABACAVIR
732,LAMIVUDINA
733,DICLOFENACO DIETILAMÔNIO
734,DICLOFENACO DE POTÁSSIO
735,TRIBENOSÍDEO
736,NITRATO DE NAFAZOLINA
737,CLORIDRATO DE TERBINAFINA
738,CLORIDRATO DE XILOMETAZOLINA
739,MALEATO DE DIMETINDENO
740,RUTOSÍDEO
741,MEPOLIZUMABE
742,NICOTINA
743,PEROXIDO DE BENZOILA
744,CLINDAMICINA
745,PERÓXIDO DE BENZOÍLA
746,TRETINOÍNA
747,SUCCINATO DE TAFENOQUINA
748,TOSILATO DE NIRAPARIBE MONOIDRATADO
749,VACINA HERPES-ZÓSTER (RECOMBINANTE)
750,DOLUTEGRAVIR
751,FOSTENSAVIR TROMETAMOL
752,DOSTARLIMABE
753,LIDOCAÍNA
754,HIALURONIDASE
755,NEOMICINA
756,CLORIDRATO DE ISOXSUPRINA
757,CLORETO DE OXIBUTININA
758,COLCHICINA
759,CLORIDRATO DE IOIMBINA
760,SULFASSALAZINA
761,CITRATO DE POTÁSSIO MONOIDRATADO
762,CLORIDRATO DE TRAZODONA
763,PRIMIDONA
764,CAPSAICINA
765,DIETILESTILBESTROL
766,HEXACETONIDO DE TRIANCINOLONA
767,ETOSSUXIMIDA
768,ETODOLACO
769,BETAISTINA
770,SULFATO DE HIDROXICLOROQUINA
771,MECLOZINA
772,BROMETO DE OTILÔNIO
773,"LISADOS BACTERIANOS (STAPHYLOCOCCUS AUREUS, STREPTOCOCCUS PYOGENES, STREPTOCOCCUS MITIS, STREPTOCOCCUS PNEUMONIAE, KLEBSIELLA PNEUMONIAE, BRANHAMELLA CATARRHALIS, HAEMOPHILUS INFLUENZAE)"
774,CLORIDRATO DE TRIEXIFENIDIL
775,STRYPHNODENDRON BARBATIMAN MART.
776,HARPAGOPHYTUM PROCUMBENS DC. EX MEISSN.
777,DOBESILATO DE CÁLCIO
778,PANTOPRAZOL MAGNÉSICO DI-HIDRATADO
779,MENAEPTENONA
780,CLORIDRATO DE MECLIZINA
781,CLORIDRATO DE DONEPEZILA MONOIDRATADO
782,CLORETO DE TRÓSPIO
783,RAMELTEONA
784,TIROTRICINA
785,SULFATO DE HIDROXIQUINOLINA
786,QUINOSOL
787,ÁCIDO BENZÓICO
788,TERPINA MONOIDRATADA
789,EUCALIPTOL
790,OXETACAÍNA
791,BORATO DE SÓDIO
792,CLORETO DE CETILPIRIDÍNIO
793,DROPROPIZINA
794,AMINAFTONA
795,ASPARTATO DE ORNITINA
796,CITRULINA
797,MONONITRATO DE ISOSSORBIDA
798,NIMODIPINO
799,PIDOLATO DE PIRIDOXINA
800,ACETATO DE PREDNISOLONA
801,FLUORMETOLONA
802,SULFATO DE ZINCO
803,OFLOXACINO
804,CLORIDRATO DE LEVOBUNOLOL
805,FLURBIPROFENO SÓDICO
806,TOXINA BOTULÍNICA A
807,CETOROLACO TROMETAMINA
808,CLORIDRATO DE TETRACAÍNA
809,CLORANFENICOL
810,ACETATO DE RETINOL
811,CLORIDRATO DE CIPROFLOXACINO 
812,SULFATO DE ATROPINA
813,CROMOGLICATO DE SODIO
814,CLORETO DE BENZALCÔNIO
815,ÁCIDO BÓRICO
816,VITELINATO DE PRATA
817,CLORIDRATO DE PILOCARPINA
818,CLORIDRATO DE CICLOPENTOLATO
819,CARBÔMER 340
820,CARMELOSE SÓDICA
821,BIMATOPROSTA
822,GATIFLOXACINO
823,ÁLCOOL POLIVINÍLICO
824,CLORIDRATO DE EPINASTINA
825,GATIFLOXACINO SESQUI-HIDRATADO
826,ALCAFTADINA
827,CLORIDRATO DE VILAZODONA
828,ÁCIDO DESOXICÓLICO
829,MALEATO DE TIMOLOL
830,FATOR XIII DE COAGULAÇÃO
831,IMUNOGLOBULINA G
832,FATOR VIII DE COAGULAÇÃO
833,FATOR DE VON WILLEBRAND
834,FATOR VON WILLEBRAND
835,ALBUMINA HUMANA
836,IMUNOGLOBULINA ANTITETÂNICA
837,FATOR XIII
838,APROTININA
839,TROMBINA
840,FIBRINOGÊNIO
841,ESTREPTOQUINASE
842,FATOR II DE COAGULAÇÃO
843,FATOR IX DE COAGULAÇÃO
844,PROTEÍNA C
845,PROTEÍNA S
846,FATOR X DE COAGULAÇÃO 
847,FATOR VII DE COAGULAÇÃO
848,FATOR X
849,PROTEÍNAS
850,IMUNOGLOBULINA HUMANA
851,IMUNOGLOBULINA ANTI-RHO(D)
852,ALFA1ANTITRIPSINA
853,INIBIDOR DE C1 ESTERASE DERIVADO DE PLASMA HUMANO
854,ALFA-ALBUTREPENONACOGUE
855,ALFALONOCTOCOGUE
856,ÓXIDO CÚPRICO
857,BETACAROTENO
858,SELÊNIO
859,COBRE
860,ZINCO
861,CRATAEGUS RHIPIDOPHYLLA GAND.
862,PASSIFLORA INCARNATA
863,SALIX ALBA L.
864,TIOCONAZOL
865,SULFATO DE MANGANÊS
866,FOSFATO DE CÁLCIO DIBÁSICO ANIDRO
867,PANAX GINSENG C. A. MEY.
868,LECITINA DE SOJA
869,PANTOTENATO DE CÁLCIO
870,FUMARATO FERROSO
871,SULFATO CÚPRICO PENTAIDRATADO
872,GLICONATO DE POTÁSSIO
873,GLICONATO DE MAGNÉSIO
874,ÁCIDO FÓLICO
875,OXIDO DE ZINCO
876,PANTOTENATO DE CALCIO
877,VALERIANA OFFICINALIS L.
878,VITEX AGNUS-CASTUS L.
879,ACTAEA RACEMOSA L.
880,MELILOTUS OFFICINALIS LAM.
881,MELILOTUS OFFICINALIS (L.) PALL.
882,SERENOA REPENS (W. BARTRAM) SMALL
883,VIMPOCETINA
884,ORYZA SATIVA L.
885,GLICINATO DE MAGNÉSIO
886,PLANTAGO OVATA FORSSK.
887,GLICINATO FÉRRICO
888,MECOBALAMINA
889,HEMITARTARATO DE VINORELBINA
890,BUSSULFANO
891,VINFLUNINA
892,CLORIDRATO DE PROPRANOLOL
893,ESTRIOL
894,DELTAFOLITROPINA
895,RIBAVIRINA (PORT. 344/98 LISTA C 1)
896,CLORIDRATO DE PALONOSETRONA
897,POSACONAZOL
898,PEMBROLIZUMABE
899,POLISSACARÍDEO CAPSULAR DE STREPTOCOCCUS PNEUMONIAE SOROTIPO 17F
900,POLISSACARÍDEO CAPSULAR DE STREPTOCOCCUS PNEUMONIAE SOROTIPO 14 
901,POLISSACARÍDEO CAPSULAR DE STREPTOCOCCUS PNEUMONIAE SOROTIPO 19A 
902,POLISSACARÍDEO CAPSULAR DE STREPTOCOCCUS PNEUMONIAE SOROTIPO 15B
903,POLISSACARÍDEO CAPSULAR DE STREPTOCOCCUS PNEUMONIAE SOROTIPO 8
904,POLISSACARÍDEO CAPSULAR DE STREPTOCOCCUS PNEUMONIAE SOROTIPO 11A
905,POLISSACARÍDEO CAPSULAR DE STREPTOCOCCUS PNEUMONIAE SOROTIPO 5
906,POLISSACARÍDEO CAPSULAR DE STREPTOCOCCUS PNEUMONIAE SOROTIPO 10A
907,POLISSACARÍDEO CAPSULAR DE STREPTOCOCCUS PNEUMONIAE SOROTIPO 4 
908,POLISSACARÍDEO CAPSULAR DE STREPTOCOCCUS PNEUMONIAE SOROTIPO 6B
909,POLISSACARÍDEO CAPSULAR DE STREPTOCOCCUS PNEUMONIAE SOROTIPO 1
910,POLISSACARÍDEO CAPSULAR DE STREPTOCOCCUS PNEUMONIAE SOROTIPO 12F
911,POLISSACARÍDEO CAPSULAR DE STREPTOCOCCUS PNEUMONIAE SOROTIPO 2
912,POLISSACARÍDEO CAPSULAR DE STREPTOCOCCUS PNEUMONIAE SOROTIPO 22F
913,POLISSACARÍDEO CAPSULAR DE STREPTOCOCCUS PNEUMONIAE SOROTIPO 33F
914,POLISSACARÍDEO CAPSULAR DE STREPTOCOCCUS PNEUMONIAE SOROTIPO 23F 
915,POLISSACARÍDEO CAPSULAR DE STREPTOCOCCUS PNEUMONIAE SOROTIPO 18C 
916,POLISSACARÍDEO CAPSULAR DE STREPTOCOCCUS PNEUMONIAE SOROTIPO 19F 
917,POLISSACARÍDEO CAPSULAR DE STREPTOCOCCUS PNEUMONIAE SOROTIPO 9V
918,POLISSACARÍDEO CAPSULAR DE STREPTOCOCCUS PNEUMONIAE SOROTIPO 20
919,POLISSACARÍDEO CAPSULAR DE STREPTOCOCCUS PNEUMONIAE SOROTIPO 9N
920,POLISSACARÍDEO CAPSULAR DE STREPTOCOCCUS PNEUMONIAE SOROTIPO 7F 
921,PARTÍCULA SEMELHANTE A VÍRUS DE PROTEÍNA L1 DO HPV DO TIPO 16
922,PARTÍCULA SEMELHANTE A VÍRUS DE PROTEÍNA L1 DO HPV DO TIPO 18
923,PARTÍCULA SEMELHANTE A VÍRUS DE PROTEÍNA L1 DO HPV DO TIPO 6
924,PARTÍCULA SEMELHANTE A VÍRUS DE PROTEÍNA L1 DO HPV DO TIPO 11
925,PARTÍCULA SEMELHANTE A VÍRUS DE PROTEÍNA L1 DO HPV DO TIPO 58
926,PARTÍCULA SEMELHANTE A VÍRUS DE PROTEÍNA L1 DO HPV DO TIPO 31
927,PARTÍCULA SEMELHANTE A VÍRUS DE PROTEÍNA L1 DO HPV DO TIPO 52
928,PARTÍCULA SEMELHANTE A VÍRUS DE PROTEÍNA L1 DO HPV DO TIPO 33
929,PARTÍCULA SEMELHANTE A VÍRUS DE PROTEÍNA L1 DO HPV DO TIPO 45
930,VIRUS DA VARICELA
931,ANTÍGENO HBS
932,REARRANJO DE ROTAVÍRUS HUMANO/BOVINO G4
933,REARRANJO DE ROTAVÍRUS HUMANO/BOVINO G3
934,REARRANJO DE ROTAVÍRUS HUMANO/BOVINO G2
935,REARRANJO DE ROTAVÍRUS HUMANO/BOVINO G1
936,RALTEGRAVIR POTÁSSICO
937,LETERMOVIR
938,ERTAPENÉM SÓDICO
939,FOSAPREPITANTO DIMEGLUMINA
940,SULFATO DE CEFTOLOZANA
941,MEPIVACAÍNA
942,CORBADRINA
943,EPINEFRINA
944,CLORIDRATO DE MEPIVACAÍNA
945,CLORIDRATO DE ARTICAÍNA
946,CLORIDRATO DE PRILOCAÍNA
947,FELIPRESSINA
948,HIDROXICARBAMIDA
949,LOMUSTINA
950,COLESTIRAMINA
951,TENIPOSÍDEO
952,ACETATO DE MEGESTROL
953,MALEATO DE CARBINOXAMINA
954,ENTECAVIR
955,ABATACEPTE
956,DASATINIBE
957,DASATINIBE MONOIDRATADO
958,SAXAGLIPTINA
959,IPILIMUMABE
960,DAPAGLIFLOZINA
961,EXENATIDA
962,DICLORIDRATO DE DACLATASVIR
963,NIVOLUMABE
964,ELOTUZUMABE
965,LUSPATERCEPTE
966,SALBUTAMOL
967,DIPIRONA MONOIDRATADA
968,BENZNIDAZOL
969,CLORIDRATO DE METOCLOPRAMIDA
970,FUROSEMIDA
971,MONOFOSFATO DE RIBOFLAVINA
972,LACTULOSE
973,GLYCYRRHIZA GLABRA L.
974,MATRICARIA CHAMOMILLA L.
975,CICLOPIROX OLAMINA
976,CICLOPIROX
977,FLUCLOROLONA ACETONIDA
978,HIDROQUINONA
979,PIPERACILINA
980,TAZOBACTAM
981,AZITROMICINA MONOIDRATADA
982,CLORIDRATO DE IRINOTECANO
983,PROPILTIOURACILA
984,POLISSACARÍDEO DE NEISSERIA MENINGITIDIS DO SOROGRUPO A CONJUGADO A PROTEÍNA CARREADORA TOXOIDE TETÂNICO
985,SULFATO DE COBRE PENTAHIDRATADO
986,SULFATO DE MANGANÊS MONOIDRATADO
987,CARBONATO DE CÁLCIO 90%
988,CARBONATO HIDRÓXIDO DE MAGNÉSIO
989,COLECALCIFEROL CRISTALIZADO
990,PERÓXIDO DE ZINCO
991,SULFATO DE ZINCO MONOIDRATADO
992,NICERGOLINA
993,CLORIDRATO DE ZIPRASIDONA
994,LATANOPROSTA
995,TARTARATO DE TOLTERODINA
996,CITRATO DE ORFENADRINA
997,FUMARATO DE CLEMASTINA
998,ACETATO DE DEXAMETASONA
999,SALICILATO DE METILA
1000,ESSÊNCIA DE TEREBENTINA
1001,HIDROXIDO DE MAGNESIO
1002,HIDROXIDO DE ALUMÍNIO
1003,DEXPANTENOL
1004,MALEATO DE MEPIRAMINA
1005,PANTOPRAZOL
1006,BUTILBROMETO DE ESCOPOLAMINA
1007,METENAMINA
1008,CLORETO DE METILTIONÍNIO
1009,CLORIDRATO DE ACRIFLAVINA
1010,SULFATO FERROSO
1011,SULFATO DE POTÁSSIO
1012,D-PANTENOL
1013,BIOTINA
1014,PANTENOL
1015,OMEPRAZOL
1016,CLORETO DE AMÔNIO
1017,CLORIDRATO DE DIFENIDRAMINA
1018,AMPICILINA
1019,CLOTRIMAZOL
1020,CARBOCISTEÍNA
1021,CLORIDRATO DE DOXICICLINA
1022,PIROXICAM
1023,BROMAZEPAM
1024,CLARITROMICINA
1025,BENZOILMETRONIDAZOL
1026,PENTOXIFILINA
1027,LORAZEPAM
1028,MEBENDAZOL
1029,BACITRACINA
1030,CLORIDRATO DE AZELASTINA
1031,CEFACLOR MONOIDRATADO
1032,METILDOPA
1033,IVERMECTINA
1034,CLORIDRATO DE VERAPAMIL
1035,BEZAFIBRATO
1036,GENFIBROZILA
1037,RIFAMICINA
1038,FUMARATO DE CETOTIFENO
1039,NITRATO DE ISOCONAZOL
1040,DESONIDA
1041,CLORIDRATO DE TICLOPIDINA
1042,RESINATO DE DICLOFENACO
1043,LANSOPRAZOL
1044,DEFLAZACORTE
1045,CLORIDRATO DE DILTIAZEM
1046,ADAPALENO
1047,MESSALAZINA
1048,CLORIDRATO DE CLINDAMICINA MONOIDRATADO
1049,HIDROCORTISONA
1050,CLORIDRATO DE BROMEXINA
1051,ÁCIDO MEFENÂMICO
1052,CLORIDRATO DE PSEUDOEFEDRINA
1053,CITRATO DE ZINCO
1054,BROMETO DE IPRATRÓPIO
1055,TERCONAZOL
1056,FENOFIBRATO
1057,CLORIDRATO DE SEVELÂMER
1058,ÁCIDO TRANEXÂMICO
1059,PLANTAGO OVATA PHIL.
1060,REPAGLINIDA
1061,RILUZOL
1062,ORLIPASTAT
1063,EXTRATO FLUIDO DE CASCA DE LARANJA AMARGA
1064,SALICILATO DE SÓDIO
1065,TINTURA AGONIADA PLUMÉRIA
1066,EXTRATO FLUIDO DE PASSIFLORA ALATA
1067,BROMETO DE PINAVÉRIO
1068,TELMISARTANA
1069,ESOMEPRAZOL MAGNÉSICO TRI-HIDRATADO
1070,IODO
1071,LEFLUNOMIDA
1072,CLORIDRATO DE ZIPRASIDONA MONOIDRATADO
1073,ESOMEPRAZOL
1074,BEMIPARINA SÓDICA
1075,CLONIXINATO DE LISINA
1076,LISINATO DE CLONIXINA
1077,CLORIDRATO DE LERCANIDIPINO
1078,TROMETAMOL CETOROLACO
1079,LIMECICLINA
1080,RANELATO DE ESTRÔNCIO
1081,INSULINA ISOFANA
1082,TICAGRELOR
1083,INSULINA HUMANA
1084,SUCCINATO DE SOLIFENACINA
1085,BESILATO DE LEVANLODIPINO
1086,DICLORIDRATO DE TRIMETAZIDINA
1087,AGOMELATINA
1088,HEMIFUMARATO DE ALISQUIRENO
1089,CLORIDRATO DE AMOROLFINA
1090,VALERATO DE ESTRADIOL MICRONIZADO
1091,CLORIDRATO DE RALOXIFENO
1092,DIVALPROATO DE SÓDIO
1093,DICLOFENACO
1094,CEFACLOR
1095,NITRATO DE BUTOCONAZOL
1096,CLORIDRATO DE ANAGRELIDA
1097,CLORIDRATO DE NEBIVOLOL
1098,MESILATO DE DI-HIDROERGOTAMINA
1099,FOSFATO SÓDICO DE RIBOFLAVINA
1100,ESOMEPRAZOL MAGNÉSICO DI-HIDRATADO
1101,CEFALEXINA
1102,METILBROMETO DE HOMATROPINA
1103,APIXABANA
1104,PANITUMUMABE
1105,ROMIPLOSTIM
1106,ALFADARBEPOETINA
1107,PEGFILGRASTIM
1108,EVOLOCUMABE
1109,CARFILZOMIBE
1110,BLINATUMOMABE
1111,DENOSUMABE
1112,APREMILASTE
1113,ROMOSOZUMABE
1114,INFLIXIMABE
1115,SOTORASIBE
1116,POLYGONUM PUNCTATUM H.LÉV
1117,COMPLEMENTO
1118,CÁSSIA SENNA
1119,PICOSSULFATO DE SÓDIO
1120,SULFATO DE BÁRIO
1121,FENITOÍNA SÓDICA
1122,FENOBARBITAL
1123,FENOBARBITAL SÓDICO
1124,FIBRINOLISINA
1125,DESOXIRRIBONUCLEASE
1126,CLORIDRATO DE IMIPRAMINA
1127,COLAGENASE
1128,MALEATO DE LEVOMEPROMAZINA
1129,PRILOCAÍNA
1130,CLORIDRATO DE PETIDINA
1131,FOSFATO DE SÓDIO DIBÁSICO HEPTAIDRATADO
1132,FOSFATO DE SÓDIO MONOBÁSICO MONOIDRATADO
1133,DIAZÓXIDO
1134,CLORIDRATO DE PROMETAZINA
1135,CLORIDRATO DE BUPIVACAÍNA
1136,MONONITRATO DE TIAMINA
1137,HEMITARTARATO DE EPINEFRINA
1138,DROPERIDOL
1139,AZATIOPRINA
1140,TIOPENTAL SÓDICO
1141,LACTATO DE BIPERIDENO
1142,CLORIDRATO DE BIPERIDENO
1143,SULFATO DE MORFINA
1144,SULFATO DE MORFINA PENTAIDRATADO
1145,ENANTATO DE FLUFENAZINA
1146,HEMITARTARATO DE METARAMINOL
1147,DIFOSFATO DE CLOROQUINA
1148,CLORIDRATO DE ALFENTANILA MONOIDRATADA
1149,NITROGLICERINA
1150,CLORIDRATO DE METADONA
1151,MALEATO DE MIDAZOLAM
1152,ENFLURANO
1153,CLORIDRATO DE LEVOBUPIVACAÍNA
1154,SULFATO DE EFEDRINA
1155,DANTROLENO SÓDICO HEMIEPTAIDRATADO
1156,DANTROLENO SÓDICO
1157,CLORIDRATO DE ESCETAMINA
1158,CITRATO DE SUFENTANILA
1159,NITROPRUSSETO DE SÓDIO
1160,NITROPRUSSETO DE SÓDIO DI-HIDRATADO
1161,HALOTANO
1162,DICLORIDRATO DE FLUFENAZINA
1163,CLORIDRATO DE CLORPROMAZINA
1164,CLORIDRATO DE ESMOLOL
1165,ANFOTERICINA B
1166,GLICONATO DE CLOREXIDINA
1167,DECANOATO DE HALOPERIDOL
1168,NITRAZEPAM
1169,ETOMIDATO
1170,CLORIDRATO DE NALOXONA
1171,CLORIDRATO DE NALBUFINA
1172,LEVOFLOXACINO
1173,BROMETO DE VECURÔNIO
1174,HEPARINA SÓDICA SUÍNA
1175,CARBONATO DE LODENAFILA
1176,CLOZAPINA
1177,BESILATO DE CISATRACÚRIO
1178,FENITOÍNA
1179,CLORIDRATO DE OXIBUPROCAÍNA
1180,AMINOÁCIDOS
1181,PEMETREXEDE DISSÓDICO HEMIPENTAIDRATADO
1182,HIDROXIPROPIL GUAR
1183,PROPILENOGLICOL
1184,CLORIDRATO DE OXIBUTININA
1185,FUMARATO DE TENOFOVIR DESOPROXILA
1186,HIALURONATO DE SÓDIO
1187,DOCETAXEL
1188,SULFADIAZINA DE PRATA
1189,NITRATO DE CERIO
1190,HIDROXIUREIA
1191,EXTRATO DE GENTIANA LUTEA
1192,EXTRATO DA FOLHA DE ALOE FEROX
1193,GLICERINA BIDESTILADA
1194,CLORATO DE SÓDIO
1195,ÁGUA PARA INJEÇÃO Q.S.P.
1196,CLORIDRATO DE METOCLOPRAMIDA MONOIDRATADO
1197,FOSFATO DE POTÁSSIO DIBÁSICO
1198,FOSFATO DE POTÁSSIO MONOBÁSICO
1199,GANGLIOSÍDEO GM1
1200,DIACEREÍNA
1201,ÁCIDO HIALURÔNICO
1202,CLORIDRATO DE PROCAÍNA
1203,TIMOL
1204,BROMIDRATO DE FENOTEROL
1205,BROMETO DE TIOTRÓPIO
1206,DABIGATRANA
1207,CLORIDRATO DE OLODATEROL
1208,EMPAGLIFLOZINA
1209,ESILATO DE NINTEDANIBE
1210,DIMALEATO DE AFATINIBE
1211,IDARUCIZUMABE
1212,BROMETO DE TIOTRÓPIO MONOIDRATADO
1213,METRONIDAZOL BENZOIL
1214,CLORIDRATO DE TETRACICLINA
1215,BROMETO DE N-BUTILESCOPOLAMINA
1216,PENICILINA G BENZATINA
1217,DEXCLORFENIRAMINA
1218,CIMETIDINA
1219,PROMETAZINA
1220,NITROFURANTOÍNA
1221,AMINOFILINA
1222,NAPROXENO
1223,DIGOXINA
1224,VALPROATO DE SÓDIO
1225,CLORIDRATO DE CLINDAMICINA
1226,VARFARINA SÓDICA
1227,TIAMINA
1228,BACITRACINA ZÍNCICA
1229,ACETATO DE HIDROCORTISONA
1230,SULFATO DE TRIMETOPRIMA
1231,CEFTRIAXONA
1232,CEFALOTINA SÓDICA TAMPONADA
1233,MALEATO DE BRONFENIRAMINA
1234,EXTRATO SECO DE VALERIANA OFFICINALIS L.
1235,CLORIDRATO DE PAPAVERINA
1236,LISOZIMA
1237,ALENDRONATO SÓDICO TRIHIDRATADO
1238,PIRIMETAMINA
1239,CLORIDRATO DE TRIPROLIDINA
1240,CLORETO DE DEQUALÍNIO
1241,CLORFENESINA
1242,PELARGONIUM SIDOIDES DC.
1243,IMIQUIMODE
1244,TRIFOLIUM PRATENSE L.
1245,PINUS PINASTER AITON
1246,PROPATILNITRATO
1247,POLYPODIUM LEUCOTOMOS
1248,ZINGIBER OFFICINALE ROSCOE
1249,POLISSULFATO DE MUCOPOLISSACARÍDEO
1250,OLEATO DE MONOETANOLAMINA
1251,GLICEROFOSFATO DE CÁLCIO
1252,ERGOCALCIFEROL
1253,FOSFATO DE CÁLCIO TRIBÁSICO
1254,CLORIDRATO DE DAPOXETINA
1255,DICLORIDRATO DE FLUNARIZINA
1256,TETRACICLINA
1257,FENILBUTAZONA CÁLCICA
1258,CITRATO DE PENTOXIVERINA
1259,PASSIFLORA INCARNATA L.
1260,NIFEDIPINO
1261,MALEATO DE DEXBRONFENIRAMINA
1262,PERÓXIDO DE URÉIA
1263,TIABENDAZOL
1264,MUCATO DE ISOMETEPTENO
1265,CLORIDRATO DE PROTAMINA
1266,BROMETO DE PIRIDOSTIGMINA
1267,BACILLUS CEREUS
1268,IODO POVIDONA PVPI
1269,FOSFATO DISSÓDICO DE CITIDINA
1270,ACETATO DE HIDROXOCOBALAMINA
1271,TRIFOSFATO TRISSÓDICO DE URIDINA
1272,URIDINA-5'-TRIFOSFATO TRISSÓDICA
1273,CITIDINA 5'-MONOFOSFATO DISSÓDICO
1274,ÁCIDO GAMAMINOBUTÍRICO
1275,GUAIACOL
1276,CÂNFORA (2-BORNANONA)
1277,HICLATO DE DOXICICLINA
1278,LOXOPROFENO SÓDICO
1279,CLORIDRATO DE PRASUGREL
1280,CLORIDRATO DE LURASIDONA
1281,EDOXABANA
1282,TOSILATO DE EDOXABANA MONOIDRATADO
1283,TRASTUZUMABE DERUXTECANA
1284,MAYTENUS ILICIFOLIA MART.EX.REISS
1285,PEUMUS BOLDUS
1286,JATEORHIZA PALMATA (LAM.) MIERS
1287,MIKANIA GLOMERATA SPRENG.
1288,EXTRATO DE AESCULUS HIPPOCASTANUM (CASTANHA-DA-ÍNDIA)
1289,DICLORIDRATO DE ZUCLOPENTIXOL
1290,ZUCLOPENTIXOL
1291,BREXPIPRAZOL
1292,EPTINEZUMABE
1293,ÓLEO DE EUCALIPTO
1294,ACIDO ACETILSALICILICO
1295,ÁGUA PARA INJETÁVEIS QSP
1296,BOSENTANA
1297,MALEATO DE METILERGOMETRINA
1298,OCITOCINA
1299,CLORETO DE SUXAMETÔNIO
1300,SUCCINATO DE DOXILAMINA
1301,CLORIDRATO DE CLOBUTINOL
1302,GANCICLOVIR
1303,ACETAZOLAMIDA
1304,METILPREDNISOLONA
1305,CITRATO FÉRRICO AMONIACAL
1306,CLORIDRATO DE CARNITINA
1307,FOSFATO DE CÁLCIO DIBÁSICO DI-HIDRATADO
1308,CLORIDRATO DE BUCLIZINA
1309,PROPIONATO DE CÁLCIO
1310,ÁCIDO UNDECILÊNICO
1311,HEXILRESORCINOL
1312,ÁCIDO PROPIÔNICO
1313,UNDECILENATO DE ZINCO
1314,BISACODIL
1315,ACETATO DE BETAMETASONA
1316,ACETATO DE MEDROXIPROGESTERONA
1317,PSEUDOEFEDRINA
1318,SULFADIAZINA
1319,ACETATO DE METILPREDNISOLONA
1320,CLORIDRATO DE ETILEFRINA
1321,DESLANOSÍDEO
1322,CLORIDRATO DE TIORIDAZINA
1323,CARBOXIMETILCELULOSE SÓDICA
1324,PROPILPARABENO
1325,CLORIDRATO DE FENAZOPIRIDINA
1326,CITRATO DE COLINA
1327,CARVÃO VEGETAL ATIVADO
1328,VITAMINA E
1329,ASPARTATO DE ARGININA
1330,METILSULFATO DE NEOSTIGMINA
1331,SACARATO DE HIDRÓXIDO FÉRRICO
1332,ACETILRACEMETIONINA
1333,BETAÍNA
1334,RACEMETIONINA
1335,CLORETO DE COLINA
1336,BENZENO
1337,ALOÍNA
1338,ATROPA BELLADONNA
1339,TEOBROMINA
1340,ÁCIDO VALPRÓICO
1341,GLICAZIDA
1342,CLORIDRATO DE SIBUTRAMINA
1343,CLORIDRATO DE IVABRADINA
1344,BENZOATO DE BENZILA
1345,CAMBENDAZOL
1346,EMBONATO DE PIRVÍNIO
1347,ESTAZOLAM
1348,TEOFILINA
1349,NICOTINATO DE BENZILA
1350,"VACINA INFLUENZA TRIVALENTE (INATIVADA, SUBUNITÁRIA)"
1351,PANCREATINA
1352,GLICONATO DE ZINCO
1353,COBAMAMIDA
1354,DIDROGESTERONA
1355,BUMETANIDA
1356,MALEATO DE FLUVOXAMINA
1357,CLORIDRATO DE MEBEVERINA
1358,PERSEA AMERICANA MILL.
1359,GLYCINE MAX (L.) MERR.
1360,"VACINA INFLUENZA TETRAVALENTE (INATIVADA, SUBUNITÁRIA)"
1361,VITAMINA D
1362,FENOL
1363,PROCAÍNA
1364,SULFATO FERROSO HEPTAIDRATADO
1365,DELTAMETRINA
1366,CALCITRIOL
1367,LISINATO DE CETOPROFENO
1368,CLORIDRATO DE LEVOCARNITINA
1369,CLORIDRATO DE LEVOLISINA
1370,DICLORIDRATO DE METOCLOPRAMIDA
1371,ESTOLATO DE ERITROMICINA
1372,MESILATO DE DIIDROERGOCRISTINA
1373,TIMOMODULINA
1374,INOSITOL
1375,SELENATO DE SÓDIO
1376,FLUNARIZINA
1377,TRIPTORRELINA
1378,FAMOTIDINA
1379,CLORETO DE CROMO
1380,"CIANOCOBALAMINA 0,1%"
1381,MISTURA DE IODETO DE POTÁSSIO
1382,ESTEARATO DE MAGNÉSIO
1383,PANTOTENATO CALCICO
1384,ÁCIDO ASCÓRBICO 90%
1385,ÓXIDO DE COBRE
1386,CLORIDRATO DE ISOTIPENDIL
1387,CORDIA VERBENACEA DC.
1388,HUMULUS LUPULUS L.
1389,MESILATO DE GEMIFLOXACINO
1390,PEPSINA
1391,FERROCARBONILA
1392,CURCUMA LONGA L.
1393,RACECADOTRILA
1394,LOXOPROFENO SÓDICO DIIDRATADO
1395,ALFAEPOETINA
1396,DICLORIDRATO DE MECLOZINA MONOIDRATADO
1397,PIRACETAM
1398,DICLORIDRATO DE BETAISTINA
1399,FUMARATO DE RUPATADINA
1400,ALPROSTADIL ALFACICLODEXTRINA
1401,HEMITARTARATO DE RIVASTIGMINA
1402,ISETIONATO DE HEXAMIDINA
1403,SULFATO DE BLEOMICINA
1404,MESILATO DE CODERGOCRINA
1405,FLUTRIMAZOL
1406,TOLCAPONA
1407,CLORDIAZEPÓXIDO
1408,ÁCIDO GLICÓLICO
1409,CALAMINA
1410,TARTARATO DE BISMUTO E SÓDIO
1411,ÁCIDO AZELAICO
1412,ORLISTATE
1413,PANTOPRAZOL SÓDICO
1414,ESCINA
1415,SALICILATO DE DIETILAMÔNIO
1416,POLICRESULENO
1417,POLICRESULENO A 36%
1418,POLIDOCANOL
1419,CLORIDRATO DE CINCHOCAÍNA
1420,MAGALDRATO
1421,TROXERRUTINA
1422,CUMARINA
1423,HEPARINA SUÍNA
1424,CICLESONIDA
1425,DEXLANSOPRAZOL
1426,CARBOXIMALTOSE FERRICA
1427,BENZOATO DE ALOGLIPTINA
1428,AZILSARTANA MEDOXOMILA POTÁSSICA
1429,BRENTUXIMABE VEDOTINA
1430,MIFAMURTIDA
1431,VEDOLIZUMABE
1432,CITRATO DE IXAZOMIBE
1433,LUBIPROSTONA
1434,BRIGATINIBE
1435,FUMARATO DE VONOPRAZANA
1436,ALFAGALSIDASE
1437,GAMANONACOGUE
1438,ALFAVELAGLICERASE
1439,ALFAOCTOCOGUE
1440,LANADELUMABE
1441,TEDUGLUTIDA
1442,ALFARURIOCTOCOGUE PEGOL
1443,COMPLEXO PROTROMBÍNICO PARCIALMENTE ATIVADO
1444,IDURSULFASE
1445,DIMESILATO DE LISDEXANFETAMINA
1446,ACETATO DE ICATIBANTO
1447,CALCITONINA SINTÉTICA DE SALMÃO
1448,CLORIDRATO DE EPIRRUBICINA
1449,ACETATO DE DESMOPRESSINA
1450,PEMETREXEDE DISSÓDICO HEPTAIDRATADO
1451,ACIDO LÁCTICO
1452,ERITROMICINA
1453,COALTAR
1454,DEXTROALFATOCOFEROL
1455,COCARBOXILASE
1456,RIBOFLAVINA FOSFATO DE SÓDIO
1457,ORNITINA
1458,CLORETO DE MAGNÉSIO
1459,DESFLURANO
1460,CICLOFOSFAMIDA MONOIDRATADA
1461,FENILALAMINA
1462,ACETATO DE SÓDIO TRI-HIDRATADO
1463,CLORIDRATO DE ORNITINA
1464,SENNA ALEXANDRINA MILL.
1465,LAURILSULFATO DE SÓDIO
1466,METILDOPA SESQUIIDRATADO
1467,NITROFURAL
1468,NITROFURAZONA
1469,SULFETO DE SELÊNIO
1470,ASPARTATO DE MAGNÉSIO
1471,ASPARTATO DE POTÁSSIO
1472,ACETATO DE TOCOFEROL
1473,ÁCIDO NALIDÍXICO
1474,VITAMINA B1
1475,VITAMINA B2
1476,VITAMINA B6
1477,CLORIDRATO DE ISOMETEPTENO
1478,SULFATO CÚPRICO
1479,IMUNOGLOBULINA HUMANA ANTI-HEPATITE B
1480,EXTRATO SECO DE PASSIFLORA
1481,SOFOSBUVIR
1482,LEDIPASVIR
1483,VELPATASVIR
1484,ENTRICITABINA
1485,HEMIFUMARATO DE TENOFOVIR ALAFENAMIDA
1486,BICTEGRAVIR SÓDICO
1487,ELVITEGRAVIR
1488,COBICISTATE
1489,VOXILAPREVIR
1490,RENDESIVIR
1491,OPERCULINA ALATA (HAM.) URB.
1492,CINCHONA CALISAYA WEDD.
1493,HIDROXOCOBALAMINA
1494,POLISSULFATO DE ESCINA SÓDICA
1495,LEVONORGESTREL MICRONIZADO
1496,NORETISTERONA
1497,BETACIPIONATO DE ESTRADIOL
1498,CASSIA SENNA L.
1499,CLORIDRATO DE BENAZEPRIL
1500,FLURANDRENOLIDA
1501,MATRICARIA RECUTITA L.
1502,VASOPRESSINA SINTETICA
1503,METIMAZOL
1504,ÁCIDO PARAMINOBENZÓICO
1505,CISTINA
1506,QUERATINA
1507,ÁCIDO AMINOBENZÓICO
1508,ACETATO DE DEXTROALFATOCOFEROL
1509,LORNOXICAM
1510,HIDROSMINA
1511,RANOLAZINA
1512,MALEATO DE TEGASERODE
1513,BUDESONIDA MICRONIZADA
1514,LEVOSIMENDANA
1515,RIFAXIMINA
1516,GLICINATO DE ZINCO
1517,VACCINIUM MACROCARPON AITON
1518,PROPIONATO DE HALOBETASOL
1519,ACITRETINA
1520,SULFATO DE SALBUTAMOL MICRONIZADO
1521,LEVOMENTOL
1522,VACINA CONTRA SARAMPO
1523,VACINA HAEMOPHILUS INFLUENZAE B (CONJUGADA) E MENINGOCÓCICA C (CONJUGADA)
1524,RIFAMPICINA
1525,ISONIAZIDA
1526,POLIOVÍRUS TIPO 3
1527,POLIOVÍRUS TIPO 1
1528,TALIDOMIDA
1529,HIDROXIURÉIA
1530,CINARIZINA
1531,PIMOZIDA
1532,FENTANILA
1533,CLORIDRATO DE LEVAMISOL
1534,NORELGESTROMINA
1535,PALIPERIDONA
1536,LACTATO DE CÁLCIO
1537,USTEQUINUMABE
1538,PALMITATO DE PALIPERIDONA
1539,PRUCALOPRIDA
1540,GOLIMUMABE
1541,CLORIDRATO DE TAPENTADOL
1542,CANAGLIFLOZINA HEMI-HIDRATADA
1543,SIMEPREVIR SÓDICO
1544,IBRUTINIBE
1545,BENDAMUSTINA
1546,DARATUMUMABE
1547,ABCIXIMABE
1548,GUSELCUMABE
1549,APALUTAMIDA
1550,SELEXIPAGUE
1551,BOSENTANA MONOIDRATADA
1552,MIGLUSTATE
1553,ERDAFITINIBE
1554,AMIVANTAMABE
1555,INSULINA LISPRO
1556,TERIPARATIDA
1557,TESTOSTERONA
1558,DULAGLUTIDA
1559,RAMUCIRUMABE
1560,INSULINA GLARGINA
1561,IXEQUIZUMABE
1562,BARICITINIBE
1563,ABEMACICLIBE
1564,GALCANEZUMABE
1565,SULBUTIAMINA
1566,FUSAFUNGINA
1567,PERINDOPRIL
1568,TIANEPTINA
1569,TIANEPTINA SÓDICA
1570,FOTEMUSTINA
1571,RILMENIDINA
1572,IVABRADINA
1573,PERINDOPRIL ARGININA
1574,PEGASPARGASE
1575,TRIFLURIDINA
1576,TIPIRACILA
1577,PREDNICARBATO
1578,ACETATO DE BUSSERRELINA
1579,ANTIMONIATO DE MEGLUMINA
1580,ZOPICLONA
1581,INSULINA GLULISINA
1582,SULPIRIDA
1583,AMISSULPRIDA
1584,DANAZOL
1585,"VACINA INFLUENZA TRIVALENTE (INATIVADA, SUBUNITÁRIA, ADJUVADA)"
1586,LIXISENATIDA
1587,AFLIBERCEPTE
1588,DUPILUMABE
1589,VITIS VINIFERA L.
1590,IMIGLUCERASE
1591,ALFATIROTROPINA
1592,TERIFLUNOMIDA
1593,PLERIXAFOR
1594,HEMITARTARATO DE ELIGLUSTATE
1595,ACETONIDA DE TRIANCINOLONA
1596,POLISSACARIDEO DE HAEMOPHILUS INFLUENZAE TIPO B
1597,POLIOVÍRUS TIPO 2
1598,POLIOVÍRUS TIPO 1 (MAHONEY)
1599,METOCLOPRAMIDA
1600,HAMAMELIS VIRGINIANA L.
1601,GADOVERSETAMIDA
1602,IOVERSOL
1603,GEFITINIBE
1604,SACCHAROMYCES CEREVISAE
1605,MISOPROSTOL
1606,CARBONATO DE MAGNÉSIO
1607,CLORIDRATO DE ADIFENINA
1608,SULFACETAMIDA SÓDICA
1609,CITRATO DE SÓDIO DIHIDRATADO
1610,BORO
1611,SILYBUM MARIANUM (L.) GAERTN
1612,EXTRATO SECO DE AESCULUS HIPPOCASTANUM L.
1613,PANAX GINSENG
1614,FLUORETO
1615,ESTROGÊNIOS CONJUGADOS
1616,SACCHAROMYCES BOULARDII - 17
1617,GRISEOFULVINA
1618,MONOSSULFIRAM
1619,ACETATO DE GOSSERRELINA
1620,CLORIDRATO DE BAMBUTEROL
1621,FELODIPINO
1622,OMEPRAZOL MAGNÉSICO
1623,ROSUVASTATINA
1624,VANDETANIBE
1625,CEFTAROLINA FOSAMILA
1626,MESILATO DE OSIMERTINIBE
1627,OLAPARIBE
1628,ROFLUMILASTE
1629,DURVALUMABE
1630,BENRALIZUMABE
1631,ACALABRUTINIBE
1632,SAXAGLIPTINA MONOIDRATADA
1633,MOXETUMOMABE PASUDOTOX
1634,CICLOSSILICATO DE ZIRCÔNIO SÓDICO HIDRATADO
1635,VACINA COVID-19 (RECOMBINANTE)
1636,SULFATO DE SELUMETINIBE
1637,PALIVIZUMABE
1638,FANCICLOVIR
1639,ETOPOSÍDEO
1640,ERITROPOETINA HUMANA RECOMBINANTE
1641,ERITROPOIETINA
1642,CLORIDRATO DE LINCOMICINA
1643,FLUTAMIDA
1644,TANACETUM PARTHENIUM (L.) SCH.BIP.
1645,CEREUS JAMACARU
1646,HIMATANTHUS LANCIFOLIUS
1647,DORSTENIA MULTIFORMIS
1648,ERYTHRINA VELUTINA
1649,SOLIDAGO MICROGLOSSA DC.
1650,CLORIDRATO DE MITOXANTRONA
1651,CLORIDRATO DE DAUNORRUBICINA
1652,CLORIDRATO DE IDARRUBICINA
1653,CLORETO DE SÓDIO USP
1654,ECHINACEA PURPUREA (L.) MOENCH
1655,GLYCINE MAX
1656,ISOMETEPTENO
1657,CARBACOL
1658,TIMOSTIMULINA
1659,CORYNEBACTERIUM PARVUM
1660,LÃ DE CARNEIRO
1661,ÁCAROS
1662,FUNGOS DE AR
1663,ANTÍGENOS BACTERIANAS SOB A FORMA DE LISADO
1664,FUNGOS DO AR
1665,POLIPEPTÍDEO DIALIZÁVEL DE EXTRATO DE LEUCÓCITO
1666,EXTRATOS ALERGÊNICOS DE INSETOS SUGADORES
1667,ALFAEPTACOGUE ATIVADO
1668,GLUCAGON
1669,INSULINA ASPARTE
1670,INSULINA DETEMIR
1671,LIRAGLUTIDA
1672,INSULINA DEGLUDECA
1673,ALFATUROCTOCOGUE
1674,SEMAGLUTIDA
1675,MALEATO DE CLORFENAMINA
1676,EXTRATO SECO DE HYPERICUM PERFORATUM L
1677,PIPER METHYSTICUM
1678,BORAGO OFFICINALIS L.
1679,UNCARIA TOMENTOSA (WILLD. EX ROEM. & SCHULT.) DC. .
1680,TRIBULUS TERRESTRIS L.
1681,RHAMNUS PURSHIANA DC.
1682,CENTELLA ASIATICA (L.) URB.
1683,BACOPA MONNIERI (L.) WETTST.
1684,EXTRATO DE GINKGO BILOBA
1685,CÁLCIO AMINOÁCIDO QUELATO
1686,ETABONATO DE LOTEPREDNOL
1687,CETRIMIDA
1688,CARBÔMER
1689,CLORIDRATO DE BESIFLOXACINO
1690,NITRATO DE OXICONAZOL
1691,PENICILAMINA
1692,CLORIDRATO DE FLURAZEPAM
1693,METOXISALENO
1694,LATANOPROSTENO BUNODE
1695,HYPERICUM PERFORATUM
1696,EXTRATO FLUIDO DE GUACO (MIKANIA GLOMERATA)
1697,BUTIL BROMETO DE ESCOPOLAMINA
1698,TRIMEGESTONA
1699,ANIDULAFUNGINA
1700,DALTEPARINA SÓDICA
1701,CLORPROPAMIDA
1702,CLORIDRATO DE OXITETRACICLINA
1703,CLORIDRATO DE PRAZOSINA
1704,ALPROSTADIL
1705,GLIPIZIDA
1706,ACETATO DE BAZEDOXIFENO
1707,AVIBACTAM SÓDICO
1708,INOTUZUMABE OZOGAMICINA
1709,VACINA ADSORVIDA MENINGOCÓCICA B (RECOMBINANTE)
1710,PEGVISOMANTO
1711,ALFANONACOGUE
1712,AXITINIBE
1713,SIROLIMO
1714,CRIZOTINIBE
1715,TENSIROLIMO
1716,TAFAMIDIS MEGLUMINA
1717,TARTARATO DE VARENICLINA
1718,CITRATO DE TOFACITINIBE
1719,PALBOCICLIBE
1720,POLISSACARÍDEO CAPSULAR DE STREPTOCOCCUS PNEUMONIAE SOROTIPO 3 
1721,POLISSACARÍDEO CAPSULAR DE STREPTOCOCCUS PNEUMONIAE SOROTIPO 6A 
1722,ALFAMOROCTOCOGUE
1723,PARECOXIBE SÓDICO
1724,DERISOMALTOSE FÉRRICA
1725,LORLATINIBE
1726,GENTUZUMABE OZOGAMICINA
1727,VACINA COVID-19
1728,TOSILATO DE TALAZOPARIBE
1729,BROMIDRATO DE DEXTROMETORFANO
1730,EUCALIPTO
1731,RETINOL
1732,EXTRATO DE SYMPHYTUM OFFICINALE
1733,CLORIDRATO DE DEXRAZOXANO
1734,CONDROITINA SULFATO DE SÓDIO
1735,SULFATO POLICRISTALINO DE GLICOSAMINA
1736,BROMIDRATO DE DARIFENACINA
1737,CLORIDRATO DE OXICODONA
1738,DEFIBROTIDA
1739,ZANUBRUTINIBE
1740,ENFORTUMABE VEDOTINA
1741,CLORIDRATO DE MINOCICLINA
1742,PERINDOPRIL ERBUMINA
1743,MESALAZINA
1744,GONADOTROFINA CORIÔNICA
1745,UROFOLITROPINA
1746,ROTIGOTINA
1747,CERTOLIZUMABE PEGOL
1748,MENOTROPINA
1749,BRIVARACETAM
1750,METILDIGOXINA
1751,AZACITIDINA
1752,MESILATO DE ERIBULINA
1753,MESILATO DE LENVATINIBE
1754,RUFINAMIDA
1755,PERAMPANEL
1756,SULFATO DE ISAVUCONAZÔNIO
1757,ÁCIDO FUSÍDICO
1758,COLISTIMETATO DE SÓDIO
1759,SELENITO DISSÓDICO PENTAIDRATADO
1760,FOSFATO DE SÓDIO DIBÁSICO
1761,ACETATO DE TERLIPRESSINA
1762,ACETATO DE TRIPTORRELINA
1763,ACETATO DE ATOSIBANA
1764,DINOPROSTONA
1765,ACETATO DE DEGARELIX
1766,URÉIA
1767,AMOROLFINA
1768,CLORIDRATO DE AMINOLEVULINATO DE METILA
1769,TETRACAÍNA
1770,GADOPENTETATO DE DIMEGLUMINA
1771,POLYGALA SENEGA L.
1772,ACETATO DE ULIPRISTAL
1773,DINITRATO DE ISOSSORBIDA
1774,ALFACALCIDOL
1775,ACARBOSE
1776,CITRATO DE ZINCO TRI-HIDRATADO
1777,BROMIDRATO DE HIOSCIAMINA
1778,CIPIONATO DE TESTOSTERONA
1779,PENCICLOVIR
1780,SUCRALFATO
1781,BISGLICINATO FERROSO
1782,GLICINATO DE ALUMÍNIO
1783,ESOMEPRAZOL MAGNÉSIO
1784,IMUNOGLOBULINA ANTI-D
1785,INDOMETACINA
1786,TIROFIBANA
1787,ANANAS COMOSUS (L.) MERRIL.
1788,MERCAPTOPURINA
1789,TIOGUANINA
1790,CLORAMBUCILA
1791,MELFALANA
1792,FONDAPARINUX SÓDICO
1793,SUBACETATO DE ALUMÍNIO
1794,ACETATO DE FLUDROCORTISONA
1795,DECANOATO DE TESTOSTERONA
1796,FEMPROPIONATO DE TESTOSTERONA
1797,ISOCAPROATO DE TESTOSTERONA
1798,PROPIONATO DE TESTOSTERONA
1799,DECANOATO DE NANDROLONA
1800,MENTHA CRISPA L.
1801,CARBONATO BÁSICO DE BISMUTO
1802,POLICARBOFILA  CÁLCICA
1803,GARCINIA CAMBOGIA ROXB.
1804,LUMACAFTOR
1805,IVACAFTOR
1806,TEZACAFTOR
1807,ELEXACAFTOR
1808,RIFAMICINA SV SÓDICA
1809,CARBONATO CÁLCIO
1810,"CASSIA ANGUSTIFOLIA, VAHL"
1811,FOSFATO DE RIBOFLAVINA
1812,EXTRATO DA SEMENTE DE GLYCINE SOJA (SOJA)
1813,CLORIDRATO DE PONATINIBE
1814,BELINOSTATE
1815,CLORIDRATO DE MIGALASTATE
1816,MALEATO DE NERATINIBE
1817,ALFAVESTRONIDASE
1818,BUROSUMABE
1819,TRI-HEPTANOÍNA
1820,ALFASIMOCTOCOGUE
1821,EXTRATO DE HEDERA HELIX (HERA)
1822,FERRO QUELATO
1823,FATOR X DE COAGULAÇÃO
1824,MEGLUMINA
1825,ÁCIDO IOXITALÂMICO
1826,IOBITRIDOL
1827,SAL SÓDICO
1828,ÉSTERES ETÍLICOS DOS ÁCIDOS GRAXOS DO ÓLEO DE PAPOULA IODADOS
1829,ÁCIDO IOXÁGLICO
1830,ÁCIDO GADOTÉRICO
1831,CLORIDRATO DE VALGANCICLOVIR
1832,CARMUSTINA
1833,SILTUXIMABE
1834,CENTELLA ASIATICA URB.
1835,HYPERICUM PERFORATUM L.
1836,EUCALIPTUS GLOBULUS  LABILL
1837,MYROXYLON BALSAMUM HARMS
1838,NASTURTIUM OFFICINALE R.BR.
1839,HARPAGOPHYTUM PROCUMBENS (BURCH.) DC. EX MEISSN.
1840,PARICALCITOL
1841,FUMARATO DE DIMETILA
1842,SULFATO DE TOBRAMICINA
1843,MESILATO SÓDICO DE COLISTINA
1844,CLORIDRATO DE TIROFIBAN MONOIDRATADO
1845,ACETATO DE GLATIRÂMER
1846,LIPEGFILGRASTIM
1847,MESILATO DE RASAGILINA
1848,TRIÓXIDO DE ARSÊNIO
1849,CLORIDRATO DE BENDAMUSTINA
1850,FREMANEZUMABE
1851,ARMODAFINILA
1852,DEUTETRABENAZINA
1853,CLORIDRATO DE BUTENAFINA
1854,CLORIDRATO DE FENOXAZOLINA
1855,DIPIRONA  MAGNÉSICA
1856,POLIACRILAMIDOMETIL BENZILIDENO CÂNFORA
1857,MENTOL CRISTAL
1858,SUBGALATO DE BISMUTO
1859,IODETO DE TIMOL
1860,SULBACTAM
1861,FLURBIPROFENO
1862,ASPARAGINASE
1863,ÁCIDO AMINOCAPRÓICO
1864,SILIMARINA
1865,BENZOATO DE SÓDIO
1866,ATALURENO
1867,INOTERSENA NONADECASSÓDICA
1868,VOLANESORSENA SÓDICA
1869,FOSFATO DE DEXAMETASONA
1870,SULBACTAM PIVOXILA
1871,DIPIRIDAMOL
1872,DICLORIDRATO DE TRIENTINA
1873,ÁCIDO SELENIOSO
1874,ACETATO DE ZINCO
1875,MITOTANO
1876,PIVALATO DE FLUOCORTOLONA
1877,GEFITINIB
1878,FEREDEDATO DE SÓDIO
1879,ÁCIDO FOSFÓRICO
1880,CLORIDRATO DE OXOMEMAZINA
1881,BITARTARATO DE COLINA
1882,ACETATO DE LANREOTIDA
1883,TETRAIDROCANABINOL
1884,CANABIDIOL
1885,LEVOMALATO DE CABOZANTINIBE
1886,NATALIZUMABE
1887,FAMPRIDINA
1888,ALFAEFMOROCTOCOGUE
1889,BETAPEGINTERFERONA 1A
1890,NUSINERSENA
1891,ZINCO COMPLEXO GLICINATO
1892,21-ACETATO DE DEXAMETASONA
1893,TOSILATO DE SORAFENIBE
1894,CLORIDRATO DE VARDENAFILA
1895,CLODRONATO DISSÓDICO
1896,PROPIFENAZONA
1897,GADOBUTROL
1898,BETAINTERFERONA 1B
1899,MESTEROLONA
1900,CLATRATO DE ETINILESTRADIOL BETACICLODEXTRINA
1901,ILOPROSTA
1902,ACEPONATO DE METILPREDNISOLONA
1903,GADOXETATO DISSÓDICO
1904,VALERATO DE DIFLUCORTOLONA
1905,IOPROMIDA
1906,ISOCONAZOL
1907,CLORETO DE RÁDIO (223 RA)
1908,RIOCIGUATE
1909,REGORAFENIBE
1910,SULFATO DE LAROTRECTINIBE
1911,DAROLUTAMIDA
1912,BETAOCTOCOGUE
1913,ASCORBATO DE SÓDIO
1914,ALFADAMOCTOCOGUE PEGOL
1915,ÁCIDO CARGLÚMICO
1916,HEMINA
1917,DIASPARTATO DE PASIREOTIDA
1918,PAMOATO DE PASIREOTIDA
1919,LEVOLISINATO DE IBUPROFENO
1920,GALSULFASE
1921,ALFAELOSULFASE
1922,ALFACERLIPONASE
1923,DICLORIDRATO DE SAPROPTERINA
1924,VOSORITIDA
1925,BICARBONATO DE POTÁSSIO
1926,UNDECILENOIL ALGINATO DE SÓDIO/TEA
1927,MESILATO DE LOMITAPIDA
1928,NITISINONA
1929,BETADINUTUXIMABE
1930,MICAFUNGINA
1931,ENZALUTAMIDA
1932,MIRABEGRONA
1933,HEMIFUMARATO DE GILTERITINIBE
1934,EXTRATO MOLE DE DAVILLA RUGOSA
1935,EXTRATO MOLE DE ATROPA BELADONA
1936,EXTRATO MOLE DE HAMAMELIS VIRGINIANA
1937,CASSIA FISTULA
1938,ÁCIDO CÍTRICO
1939,MUCOPOLISSACARIDASE
1940,ALFAMILASE
1941,QUIMOTRIPSINA
1942,FENOFIBRATOS MICROGRÂNULOS A 75%
1943,NIMESULIDA BETACICLODEXTRINA
1944,DOCUSATO DE SÓDIO
1945,BENFOTIAMINA
1946,OLOPATADINA
1947,ONDANSETRONA
1948,IOPAMIDOL
1949,GADOTERIDOL
1950,IOMEPROL
1951,DIATRIZOATO DE MEGLUMINA
1952,HEXAFLUORETO DE ENXOFRE
1953,GADOBENATO DE DIMEGLUMINA
1954,TRISSILICATO DE MAGNÉSIO
1955,CEMIPLIMABE
1956,CLOBAZAM
1957,CLORIDRATO DE PIPERIDOLATO
1958,CLORIDRATO DE LEVOMEPROMAZINA
1959,PERICIAZINA
1960,VIGABATRINA
1961,LACTATO DE MILRINONA
1962,BETA-AGALSIDASE
1963,IMUNOGLOBULINA DE COELHO ANTI-TIMÓCITOS HUMANOS
1964,VÍRUS QUIMÉRICO FEBRE AMARELA DENGUE SOROTIPO 4
1965,VÍRUS QUIMÉRICO FEBRE AMARELA DENGUE SOROTIPO 3
1966,VÍRUS QUIMÉRICO FEBRE AMARELA DENGUE SOROTIPO 2
1967,VÍRUS QUIMÉRICO FEBRE AMARELA DENGUE SOROTIPO 1
1968,ALIROCUMABE
1969,"VACINA INFLUENZA TRIVALENTE (INATIVADA, FRACIONADA)"
1970,ALFA-ALGLICOSIDASE
1971,LARONIDASE
1972,FÍMBRIAS
1973,ALENTUZUMABE
1974,DICLORIDRATO DE BUCLIZINA
1975,ESPIRAMICINA
1976,SULFOGUAIACOL
1977,CLORIDRATO DE ALIZAPRIDA
1978,DESOXIMETASONA
1979,POLISSACARÍDEO DE HAEMOPHILUS INFLUENZAE TIPO B CONJUGADO COM PROTEÍNA TETÂNICA
1980,AGLUTINÓGENOS FIMBRIAIS DE BORDETELLA PERTUSSIS DOS SOROTIPOS 2 E 3
1981,POLISSACARÍDEO DE HAEMOPHILUS INFLUENZAE TIPO B
1982,VACINA CONTRA RAIVA
1983,POLISSACARÍDEO DE NEISSERIA MENINGITIDIS DO SOROGRUPO Y CONJUGADO A PROTEÍNA CARREADORA TOXOIDE TETÂNICO
1984,POLISSACARÍDEO DE NEISSERIA MENINGITIDIS DO SOROGRUPO C CONJUGADO A PROTEÍNA CARREADORA TOXOIDE TETÂNICO
1985,POLISSACARÍDEO DE NEISSERIA MENINGITIDIS DO SOROGRUPO W CONJUGADO A PROTEÍNA CARREADORA TOXOIDE TETÂNICO
1986,ALFAEFTRENONACOGUE
1987,RASBURICASE
1988,POLISSACARÍDEO
1989,VÍRUS 17D DA FEBRE AMARELA
1990,PICOSSULFATO DE SÓDIO MONOIDRATADO
1991,CLORIDRATO DE ALFUZOSINA
1992,ISATUXIMABE
1993,CAPLACIZUMABE
1994,ALFA-AVALGLICOSIDASE
1995,IOEXOL
1996,IODIXANOL
1997,GADODIAMIDA
1998,CALCIPOTRIOL
1999,MEBUTATO DE INGENOL
2000,BRODALUMABE
2001,LESINURADE
2002,ZOLMITRIPTANA
2003,BUPRENORFINA
2004,PIMECROLIMO
2005,ÁCIDO TIÓCTICO
2006,TAFLUPROSTA
2007,PALONOSETRONA
2008,MYCOBACTERIUM BOVIS
2009,ÁCIDO CÍTRICO ANIDRO
2010,PATISIRANA SÓDICA
2011,GIVOSIRANA SÓDICA
2012,LUMASIRANA SÓDICA
2013,ECULIZUMABE
2014,ALFA-ASFOTASE
2015,ALFASSEBELIPASE
2016,RAVULIZUMABE
2017,BERACTANTO
2018,RITONAVIR
2019,PIBRENTASVIR
2020,GLECAPREVIR HIDRATADO
2021,VENETOCLAX
2022,RISANQUIZUMABE
2023,UPADACITINIBE HEMI-HIDRATADO
